<?xml version="1.0" encoding="UTF-8" standalone="no"?>
<registration_data version="1.0">
   <environment>
      <hostname>kafka</hostname>
      <hostId>007f0101</hostId>
      <osName>Linux</osName>
      <osVersion>2.6.38-8-generic</osVersion>
      <osArchitecture>i386</osArchitecture>
      <systemModel>x86_64</systemModel>
      <systemManufacturer/>
      <cpuManufacturer>AuthenticAMD</cpuManufacturer>
      <serialNumber/>
   </environment>
   <registry urn="urn:st:22149bc7-3b62-4c0f-b27d-c8904076921b" version="1.0">
      <service_tag>
         <instance_urn>urn:st:b05215cf-2daa-4ae9-b467-99e33b5edecb</instance_urn>
         <product_name>Java SE 6 Runtime Environment</product_name>
         <product_version>1.6.0_25</product_version>
         <product_urn>urn:uuid:92d1de8c-1e59-42c6-a280-1c379526bcbc</product_urn>
         <product_parent_urn>urn:uuid:fdc90b21-018d-4cab-b866-612c7c119ed3</product_parent_urn>
         <product_parent>Java Platform Standard Edition 6 (Java SE 6)</product_parent>
         <product_defined_inst_id>id=1.6.0_25-b06 i386,dir=/home/davis/java/jre1.6.0_25</product_defined_inst_id>
         <product_vendor>Sun Microsystems</product_vendor>
         <platform_arch>i386</platform_arch>
         <timestamp>2011-05-15 02:22:32 GMT</timestamp>
         <container>global</container>
         <source>jre-6u25-fcs-bin-b06-linux-i586-14_apr_2011.bin</source>
         <installer_uid>-1</installer_uid>
      </service_tag>
   </registry>
</registration_data>
